"","plpn_numeric","plpn_categorical","forestfires_numeric","forestfires_categorical","car_numeric","car_categorical","obesity_numeric","obesity_categorical","student_numeric","student_categorical","spambase_numeric","spambase_categorical","wq_numeric","wq_categorical","adult_numeric","adult_categorical"
"AURF",0.237017661490077,0.288557213930348,0.303669438884645,0.653846153846154,"No variables",0.586705202312139,0.245504371186908,0.270291568163909,0.25874217257622,0.318552036199095,100,"100",100,"100",100,100
"eForest",0.0354438283590636,0,100,100,"No variables",0,0.00228280749404466,0,0.0621691445060921,0,0.0142893545275278,"No variables",0.00823981392882253,"No variables",0.0131952438927287,0.00844464916321204
"PCA",0.212397416558034,0,0.640699734949329,0.206730769230769,"No variables",0.348472336911643,0.498435156118963,0.102705542421854,0.286077695799788,0.0918552036199095,0.130463943389568,"No variables",6.00294334486742,"No variables",0.527316923460626,0.101881706672126
"Autoencoder",0.192314922259238,0.0696517412935323,0.165036256234045,0.403846153846154,"No variables",0.458298926507019,0.203911172376479,0.0464933018124507,0.240548645673006,0.182352941176471,0.0482540283452518,"No variables",0.09852316302832,"No variables",0.118176050354896,0.103024719791187
"Variational Autoencoder",0.191092884647246,0.0348258706467662,0.184132529233539,0.572115384615385,"No variables",0.376135425268373,0.223270136123414,0.0927239296033622,0.244208833520684,0.358371040723982,0.0930808587174455,"No variables",0.14248843420976,"No variables",0.128465195929577,0.375249500998004
