"","plpn_numeric","plpn_categorical","forestfires_numeric","forestfires_categorical","car_numeric","car_categorical","obesity_numeric","obesity_categorical","student_numeric","student_categorical","spambase_numeric","spambase_categorical","wq_numeric","wq_categorical","adult_numeric","adult_categorical"
"AURF",0.261337222950857,0.659568469772903,0.232497443880029,0.953413499116624,"No variables",0.620167774207158,0.245504371186908,0.372850504700487,0.256457473378633,0.476934399735273,9999,"9999",9999,"9999",9999,9999
"eForest",0.0354438283590636,0,9999,9999,"No variables",0,0.00228280749404466,0,0.0621691445060921,0,0.0142893545275278,"No variables",0.00823981392882253,"No variables",0.015749185158343,0.0229506712541417
"PCA",0.212397416558034,0,0.640699734949329,0.556772080595426,"No variables",0.361937637635591,0.498435156118963,0.21274419163935,0.286077695799788,0.153409351974371,0.130463943389568,"No variables",6.00294334486742,"No variables",0.498557611673342,0.361019154480682
"Autoencoder",0.192314922259238,0.100246083162825,0.165036256234045,0.771459605928155,"No variables",0.480016331794969,0.203911172376479,0.240385903231669,0.240548645673006,0.304244934175846,0.0482540283452518,"No variables",0.09852316302832,"No variables",0.122826779947204,0.39494573254956
"Variational Autoencoder",0.191092884647246,0.0344143098631526,0.184132529233539,0.800913640357705,"No variables",0.386440532181207,0.223270136123414,0.31844356623499,0.244208833520684,0.513929072721217,0.0930808587174455,"No variables",0.14248843420976,"No variables",0.123434685279648,0.351539739186716
