training_time,inference_time
15.2669270038605,11.5575489997864
15.3436408042908,10.4800570011139
15.9938049316406,10.3215050697327
14.93168592453,11.5791490077972
15.9848139286041,11.9099991321564
15.5251860618591,10.7083711624146
14.3952298164368,11.448292016983
16.3093838691711,12.6420619487762
15.7733769416809,11.0924441814423
15.346519947052,11.2214999198914
