training_time,inference_time
6.44214606285095,5.98221206665039
6.08331203460693,3.82567191123962
6.08343815803528,6.9730179309845
5.46394085884094,6.38050293922424
7.00701498985291,4.72826719284058
5.46175289154053,5.27968788146973
5.82703399658203,7.06733298301697
6.73627805709839,6.60523986816406
6.46403408050537,6.29805183410645
6.69843506813049,6.20508909225464
