training_time,inference_time
18.446417093277,6.78475093841553
13.1993589401245,6.63727903366089
10.9940011501312,5.9013659954071
10.6812269687653,5.83252191543579
10.7434709072113,6.45548701286316
11.2985310554504,4.53404498100281
10.8645250797272,5.52094721794128
8.86606001853943,5.75867009162903
15.1759560108185,5.1529848575592
11.4490830898285,6.88886713981628
