training_time,inference_time
7.37329792976379,6.93287491798401
7.04683089256287,5.49647307395935
6.68056488037109,5.6634669303894
7.59238791465759,7.55274891853333
6.64319705963135,8.90844702720642
7.2738139629364,7.62226009368897
6.0303258895874,5.99201917648315
5.46780681610107,7.00678491592407
6.11699104309082,7.34254193305969
6.07736611366272,6.57368588447571
