training_time,inference_time
26.9498000144959,33.2724769115448
27.8725638389587,29.3988869190216
27.406821012497,29.431608915329
27.7707509994507,29.6132979393005
27.3840320110321,30.9719398021698
28.0226440429688,31.4537088871002
25.0245020389557,29.718113899231
27.4677650928497,29.2384059429169
27.4996647834778,29.5049631595612
25.1663730144501,29.6477150917053
