training_time,inference_time
5.38729190826416,6.46657395362854
5.63053798675537,5.3439519405365
5.92402696609497,7.39703583717346
5.70705008506775,5.92853307723999
6.02275490760803,7.62089109420776
6.82704305648804,8.87523412704468
7.87588095664978,9.43857192993164
6.01244306564331,6.6075599193573
5.60076498985291,5.45083999633789
5.69014596939087,7.04534196853638
