training_time,inference_time
3.63028502464294,5.00694108009338
4.88634014129639,4.4068329334259
4.77663516998291,4.49598097801209
4.43079495429993,6.96233487129211
6.58995795249939,3.64805817604065
4.4536280632019,5.30933904647827
4.81384515762329,5.58332109451294
5.37349104881287,4.05779600143433
4.12722110748291,5.23376798629761
4.24420809745789,5.26112008094788
