training_time,inference_time
206.732481002808,46.3983261585236
180.522753953934,45.7483491897583
220.88422703743,44.8757660388947
210.310492038727,46.6452000141144
246.515826940537,43.8394792079926
213.470788002014,46.2916169166565
270.188504934311,44.8447849750519
217.248008012772,43.5038111209869
244.935251951218,45.5564429759979
240.282352924347,44.511559009552
