training_time,inference_time
3.55511212348938,5.03218984603882
4.15100002288818,4.33754014968872
3.20861220359802,3.71385312080383
4.1308741569519,4.44480800628662
4.40209293365479,4.24698710441589
5.87283897399902,4.65895414352417
5.29316401481628,3.66702795028687
5.92566704750061,4.62714409828186
3.80337691307068,3.95539593696594
4.16469097137451,5.20567584037781
