training_time,inference_time
3.571692943573,2.48887896537781
4.26852893829346,3.53473591804504
3.67976117134094,2.2750551700592
4.66542291641235,2.37577104568481
4.20846199989319,2.5081160068512
4.00959897041321,2.77727699279785
3.3630838394165,3.876384973526
3.29112386703491,2.90980100631714
3.39019393920898,3.81737494468689
3.77233982086182,4.9382791519165
