training_time,inference_time
224.367896080017,91.7326531410217
211.916074037552,101.644286155701
240.259821891785,96.1400718688965
211.140070915222,104.422679185867
305.56001996994,115.401281118393
329.606775999069,110.134981155396
274.146775007248,103.17826294899
275.14776301384,89.4005010128021
229.147897005081,118.388368844986
313.90271115303,100.842231988907
