training_time,inference_time
20.6135170459747,26.4094519615173
20.3278670310974,28.0231602191925
20.7720019817352,25.9162390232086
19.1582901477814,24.3342328071594
18.2707629203796,22.6772019863129
22.082447052002,26.8394229412079
20.0123229026794,23.4910619258881
20.0511651039124,23.6708240509033
19.5122179985046,23.1674330234528
20.9427909851074,23.9461688995361
