training_time,inference_time
14.7901701927185,11.8402609825134
13.2069401741028,9.92633700370789
11.3454051017761,10.0400960445404
12.196937084198,9.04244112968445
12.0774281024933,9.37425398826599
11.3964591026306,10.0852868556976
11.9872648715973,9.48679113388062
11.734395980835,9.55092191696167
12.40753698349,9.40993595123291
12.1527910232544,10.450667142868
