training_time,inference_time
4.20649600028992,3.23217296600342
3.21859502792358,3.21796202659607
3.83640789985657,1.706622838974
3.18870806694031,2.60736203193665
3.78914594650269,2.92616486549377
3.809406042099,2.00363898277283
3.20284819602966,3.58194398880005
4.4402129650116,2.00049686431885
3.81677889823914,2.63892912864685
3.63510513305664,3.55491709709168
