training_time,inference_time
31.6126189231873,31.8502929210663
27.9152591228485,29.2529618740082
28.9117529392242,27.0853040218353
27.1542010307312,27.7674379348755
33.6564509868622,27.3675770759583
26.9211750030518,26.5713069438934
27.4250409603119,27.3600878715515
28.153284072876,26.5321378707886
34.9392840862274,27.1714839935303
28.539158821106,26.8548591136932
