training_time,inference_time
7.25012898445129,7.34614014625549
4.4551739692688,6.96826195716858
4.47387003898621,6.5256838798523
8.04716992378235,5.94096612930298
6.42885994911194,7.01532292366028
5.04500007629395,6.98594307899475
6.97846794128418,6.67054796218872
7.50825500488281,6.60789203643799
4.74785804748535,6.3808331489563
5.65217113494873,6.73975896835327
