training_time,inference_time
28.1913778781891,28.8364551067352
26.3691341876984,24.1515119075775
26.8374230861664,24.2697141170502
27.5193738937378,23.4868659973145
27.0081350803375,24.7191319465637
26.2349140644074,23.5812089443207
27.0604510307312,26.9443459510803
26.7004358768463,23.1389389038086
27.2960028648376,24.5769908428192
27.1109690666199,23.9087378978729
