training_time,inference_time
20.3163979053497,16.2466840744019
16.3439388275147,13.60768699646
16.3657670021057,14.4408719539642
20.7561149597168,14.4978628158569
20.6841440200806,14.0183141231537
15.8072481155396,13.5487079620361
15.5336310863495,12.5083680152893
15.5325520038605,12.9516339302063
20.0550768375397,12.8266088962555
15.5869331359863,13.6246519088745
